{
  "components": {
    "band": {
      "Xmin": -10.3,
      "Xmax": 10.3,
      "Ymin": -1.25,
      "Ymax": 1.25,
      "Zmin": -10.3,
      "Zmax": 10.3,
      "Xlen": 20.6,
      "Ylen": 2.5,
      "Zlen": 20.6
    },
    "side_stones": {
      "Xmin": -6.768805166693841,
      "Xmax": 7.645521360901428,
      "Ymin": -0.6497979683005307,
      "Ymax": 0.6497979683005306,
      "Zmin": 6.6380356190668355,
      "Zmax": 10.200675040776611,
      "Xlen": 14.41432652759527,
      "Ylen": 1.2995959366010612,
      "Zlen": 3.5626394217097754
    },
    "gallery": {
      "Xmin": -3.4,
      "Xmax": 3.4000000000000004,
      "Ymin": -3.2,
      "Ymax": 3.2,
      "Zmin": 7.600000000000001,
      "Zmax": 12.0,
      "Xlen": 6.800000000000001,
      "Ylen": 6.4,
      "Zlen": 4.399999999999999
    },
    "bridge": {
      "Xmin": -9.0,
      "Xmax": 9.0,
      "Ymin": -1.25,
      "Ymax": 1.25,
      "Zmin": 9.8,
      "Zmax": 10.8,
      "Xlen": 18.0,
      "Ylen": 2.5,
      "Zlen": 1.0
    },
    "center_stone": {
      "Xmin": -3.0,
      "Xmax": 3.0,
      "Ymin": -2.9990675460024496,
      "Ymax": 2.9990675460024487,
      "Zmin": 12.0,
      "Zmax": 15.8,
      "Xlen": 6.0,
      "Ylen": 5.998135092004898,
      "Zlen": 3.8000000000000007
    },
    "prongs": {
      "Xmin": -2.5213203435596427,
      "Xmax": 2.5213203435596427,
      "Ymin": -2.5213203435596427,
      "Ymax": 2.5213203435596427,
      "Zmin": 14.35,
      "Zmax": 19.75,
      "Xlen": 5.0426406871192855,
      "Ylen": 5.0426406871192855,
      "Zlen": 5.4
    },
    "halo": {
      "Xmin": -4.68,
      "Xmax": 4.68,
      "Ymin": -4.68,
      "Ymax": 4.68,
      "Zmin": 13.89,
      "Zmax": 15.03,
      "Xlen": 9.36,
      "Ylen": 9.36,
      "Zlen": 1.1399999999999988
    }
  },
  "RingMetal": {
    "Xmin": -10.299758847701762,
    "Xmax": 10.299758847701762,
    "Ymin": -4.67854537176382,
    "Ymax": 4.6785453717638195,
    "Zmin": -10.299547982680895,
    "Zmax": 19.75,
    "Xlen": 20.599517695403524,
    "Ylen": 9.357090743527639,
    "Zlen": 30.049547982680895
  },
  "RingGems": {
    "Xmin": -6.768805166693841,
    "Xmax": 7.645521360901428,
    "Ymin": -4.483176796751124,
    "Ymax": 4.483176796751124,
    "Zmin": 6.6380356190668355,
    "Zmax": 15.8,
    "Xlen": 14.41432652759527,
    "Ylen": 8.966353593502248,
    "Zlen": 9.161964380933165
  }
}