{
  "components": {
    "band": {
      "Xmin": -10.3,
      "Xmax": 10.3,
      "Ymin": -1.25,
      "Ymax": 1.25,
      "Zmin": -10.3,
      "Zmax": 10.3,
      "Xlen": 20.6,
      "Ylen": 2.5,
      "Zlen": 20.6
    },
    "center_stone": {
      "Xmin": -3.678541351539186,
      "Xmax": 3.678541351539186,
      "Ymin": -3.6773979946763866,
      "Ymax": 3.6773979946763857,
      "Zmin": 16.6902220324509,
      "Zmax": 22.870441929974383,
      "Xlen": 7.357082703078372,
      "Ylen": 7.354795989352772,
      "Zlen": 6.180219897523482
    },
    "prongs": {
      "Xmin": -2.5725673707933034,
      "Xmax": 0.3935797374340294,
      "Ymin": -4.078428217454124,
      "Ymax": 4.078428217454123,
      "Zmin": 9.8,
      "Zmax": 17.380219897523485,
      "Xlen": 2.9661471082273327,
      "Ylen": 8.156856434908246,
      "Zlen": 7.5802198975234845
    }
  },
  "RingMetal": {
    "Xmin": -10.29679857460841,
    "Xmax": 10.296798574608408,
    "Ymin": -4.078428217454124,
    "Ymax": 4.078428217454123,
    "Zmin": -10.3,
    "Zmax": 17.380219897523485,
    "Xlen": 20.59359714921682,
    "Ylen": 8.156856434908246,
    "Zlen": 27.680219897523486
  },
  "RingGems": {
    "Xmin": -3.678541351539186,
    "Xmax": 3.678541351539186,
    "Ymin": -3.6773979946763866,
    "Ymax": 3.6773979946763857,
    "Zmin": 16.6902220324509,
    "Zmax": 22.870441929974383,
    "Xlen": 7.357082703078372,
    "Ylen": 7.354795989352772,
    "Zlen": 6.180219897523482
  }
}