{
  "components": {
    "band": {
      "Xmin": -10.3,
      "Xmax": 10.3,
      "Ymin": -1.25,
      "Ymax": 1.25,
      "Zmin": -10.3,
      "Zmax": 10.3,
      "Xlen": 20.6,
      "Ylen": 2.5,
      "Zlen": 20.6
    },
    "gallery": {
      "Xmin": -3.878541351539185,
      "Xmax": 3.878541351539185,
      "Ymin": -3.878541351539185,
      "Ymax": 3.878541351539185,
      "Zmin": 10.3,
      "Zmax": 17.833416596550272,
      "Xlen": 7.75708270307837,
      "Ylen": 7.75708270307837,
      "Zlen": 7.533416596550271
    },
    "center_stone": {
      "Xmin": -3.678541351539185,
      "Xmax": 3.678541351539186,
      "Ymin": -3.6773979946763857,
      "Ymax": 3.677397994676385,
      "Zmin": 14.06460349179638,
      "Zmax": 19.089687631468237,
      "Xlen": 7.357082703078371,
      "Ylen": 7.354795989352771,
      "Zlen": 5.025084139671858
    },
    "prongs": {
      "Xmin": -3.001121534548486,
      "Xmax": 3.0011215345484854,
      "Ymin": -3.001121534548486,
      "Ymax": 3.0011215345484854,
      "Zmin": 17.333416596550272,
      "Zmax": 24.820027871266298,
      "Xlen": 6.002243069096972,
      "Ylen": 6.002243069096972,
      "Zlen": 7.486611274716026
    }
  },
  "RingMetal": {
    "Xmin": -10.29679857460841,
    "Xmax": 10.296798574608408,
    "Ymin": -3.878541351539185,
    "Ymax": 3.878541351539185,
    "Zmin": -10.3,
    "Zmax": 24.820027871266298,
    "Xlen": 20.59359714921682,
    "Ylen": 7.75708270307837,
    "Zlen": 35.1200278712663
  },
  "RingGems": {
    "Xmin": -3.678541351539185,
    "Xmax": 3.678541351539186,
    "Ymin": -3.6773979946763857,
    "Ymax": 3.677397994676385,
    "Zmin": 14.06460349179638,
    "Zmax": 19.089687631468237,
    "Xlen": 7.357082703078371,
    "Ylen": 7.354795989352771,
    "Zlen": 5.025084139671858
  }
}