{
  "components": {
    "band": {
      "Xmin": -10.3,
      "Xmax": 10.3,
      "Ymin": -1.25,
      "Ymax": 1.25,
      "Zmin": -10.3,
      "Zmax": 10.3,
      "Xlen": 20.6,
      "Ylen": 2.5,
      "Zlen": 20.6
    },
    "center_stone": {
      "Xmin": -3.678541351539186,
      "Xmax": 3.678541351539186,
      "Ymin": -3.6773979946763866,
      "Ymax": 3.6773979946763857,
      "Zmin": 16.6902220324509,
      "Zmax": 22.870441929974383,
      "Xlen": 7.357082703078372,
      "Ylen": 7.354795989352772,
      "Zlen": 6.180219897523482
    },
    "prongs": {
      "Xmin": -3.001121534548486,
      "Xmax": 3.0011215345484854,
      "Ymin": -3.0009972073488127,
      "Ymax": 3.000997207348812,
      "Zmin": 9.8,
      "Zmax": 17.380219897523485,
      "Xlen": 6.002243069096972,
      "Ylen": 6.0019944146976245,
      "Zlen": 7.5802198975234845
    }
  },
  "RingMetal": {
    "Xmin": -10.29679857460841,
    "Xmax": 10.296798574608408,
    "Ymin": -3.0009972073488127,
    "Ymax": 3.000997207348812,
    "Zmin": -10.3,
    "Zmax": 17.380219897523485,
    "Xlen": 20.59359714921682,
    "Ylen": 6.0019944146976245,
    "Zlen": 27.680219897523486
  },
  "RingGems": {
    "Xmin": -3.678541351539186,
    "Xmax": 3.678541351539186,
    "Ymin": -3.6773979946763866,
    "Ymax": 3.6773979946763857,
    "Zmin": 16.6902220324509,
    "Zmax": 22.870441929974383,
    "Xlen": 7.357082703078372,
    "Ylen": 7.354795989352772,
    "Zlen": 6.180219897523482
  }
}