{
  "components": {
    "band": {
      "Xmin": -10.3,
      "Xmax": 10.3,
      "Ymin": -1.25,
      "Ymax": 1.25,
      "Zmin": -10.3,
      "Zmax": 10.3,
      "Xlen": 20.6,
      "Ylen": 2.5,
      "Zlen": 20.6
    },
    "gallery": {
      "Xmin": -3.878541351539185,
      "Xmax": 3.878541351539185,
      "Ymin": -3.878541351539185,
      "Ymax": 3.878541351539185,
      "Zmin": 10.3,
      "Zmax": 16.6902220324509,
      "Xlen": 7.75708270307837,
      "Ylen": 7.75708270307837,
      "Zlen": 6.3902220324509
    },
    "center_stone": {
      "Xmin": -3.678541351539185,
      "Xmax": 3.678541351539185,
      "Ymin": -3.6773979946763857,
      "Ymax": 3.677397994676385,
      "Zmin": 16.6902220324509,
      "Zmax": 22.870441929974387,
      "Xlen": 7.35708270307837,
      "Ylen": 7.354795989352771,
      "Zlen": 6.180219897523486
    },
    "prongs": {
      "Xmin": -3.001121534548486,
      "Xmax": 3.0011215345484854,
      "Ymin": -3.001121534548486,
      "Ymax": 3.0011215345484854,
      "Zmin": 16.1902220324509,
      "Zmax": 25.30586037574723,
      "Xlen": 6.002243069096972,
      "Ylen": 6.002243069096972,
      "Zlen": 9.115638343296329
    }
  },
  "RingMetal": {
    "Xmin": -10.29679857460841,
    "Xmax": 10.296798574608408,
    "Ymin": -3.878541351539185,
    "Ymax": 3.878541351539185,
    "Zmin": -10.3,
    "Zmax": 25.30586037574723,
    "Xlen": 20.59359714921682,
    "Ylen": 7.75708270307837,
    "Zlen": 35.60586037574723
  },
  "RingGems": {
    "Xmin": -3.678541351539185,
    "Xmax": 3.678541351539185,
    "Ymin": -3.6773979946763857,
    "Ymax": 3.677397994676385,
    "Zmin": 16.6902220324509,
    "Zmax": 22.870441929974387,
    "Xlen": 7.35708270307837,
    "Ylen": 7.354795989352771,
    "Zlen": 6.180219897523486
  }
}